Month,Delay
1,0.2613005551
2,0.3366735183
3,0.3388595112
4,0.3707452392
5,0.3190568572
6,0.3925030048
7,0.4053041434
8,0.3837334289
9,0.3022346369
10,0.3663028143
11,0.3294735217
12,0.3817424299