Month,Delay
1,0.1580607016
2,0.2178217822
3,0.2002282526
4,0.1815870467
5,0.1483544304
6,0.1986318723
7,0.2280508682
8,0.1798639786
9,0.154028436
10,0.1725837018
11,0.20215311
12,0.234607491