DayOfWeek,Delay,TotalFlights,PorcentageDelay
1,273084,1013410,0.2694704019103818
2,252762,1005992,0.25125647122442324
3,250897,1016995,0.24670426108289617
4,276629,1011970,0.2733569176951886
5,309300,1008872,0.30658002204442186
6,206273,841663,0.2450778993492645
7,267370,956127,0.27963858357728627
